case_id,citation,case_title,court_name,decision_date,word_count,effective_stored_type,detected_type,parsed_outcome,conflict_reasons,phantom_statutes
2026_SCMR_901,2026 SCMR 901,TARIQ MEHMOOD VS PROVINCE OF PUNJAB & others,Supreme Court of Pakistan,2026-02-02,146,headnote_only,headnote_only,appeal_dismissed,"Statutes in metadata missing from text: Punjab Pre-emption Act, 1991","Punjab Pre-emption Act, 1991"
2007_PLD_302,PLD 2007 SC 302,Mian Pir Muhammad and another v. Faqir Muhammad through L.Rs.,Supreme Court of Pakistan,2007,265,headnote_only,headnote_only,appeal_dismissed,"Statutes in metadata missing from text: Punjab Pre-emption Act 1991, Civil Procedure Code 1908",Punjab Pre-emption Act 1991; Civil Procedure Code 1908
2011_SCMR_1062,2011 SCMR 1062,Bashir Ahmed v. Ghulam Rasool,Supreme Court of Pakistan,2011,255,headnote_only,headnote_only,appeal_allowed,"Statutes in metadata missing from text: Punjab Pre-emption Act 1991, Constitution of Pakistan 1973",Punjab Pre-emption Act 1991; Constitution of Pakistan 1973
2015_SCMR_1002,2015 SCMR 1002,Ikramullah and others v. The State,Supreme Court of Pakistan,2015,494,full_judgment,headnote_only,unknown,"Statutes in metadata missing from text: Control of Narcotic Substances Act 1997, Code of Criminal Procedure 1898, Qanun-e-Shahadat Order 1984",Control of Narcotic Substances Act 1997; Code of Criminal Procedure 1898; Qanun-e-Shahadat Order 1984
2018_SCMR_2039,2018 SCMR 2039,The State through Regional Director ANF v. Imam Bakhsh and others,Supreme Court of Pakistan,2018,404,full_judgment,headnote_only,unknown,"Statutes in metadata missing from text: Control of Narcotic Substances Act 1997, Control of Narcotic Substances (Government Analysts) Rules 2001",Control of Narcotic Substances Act 1997; Control of Narcotic Substances (Government Analysts) Rules 2001
2019_SCMR_608,2019 SCMR 608,Abdul Ghani and others v. The State,Supreme Court of Pakistan,2019,316,full_judgment,headnote_only,appeal_allowed,"Statutes in metadata missing from text: Control of Narcotic Substances Act 1997, Code of Criminal Procedure 1898",Control of Narcotic Substances Act 1997; Code of Criminal Procedure 1898
2007_PLD_190,PLD 2007 Lah 190,Muhammad Aslam v. Mst. Nasreen Akhtar and others,Lahore High Court,2007,318,full_judgment,headnote_only,petition_dismissed,"Statutes in metadata missing from text: West Pakistan Family Courts Act 1964, Civil Procedure Code 1908",West Pakistan Family Courts Act 1964; Civil Procedure Code 1908
2009_MLD_1204,2009 MLD 1204,"Muhammad Riaz v. Judge Family Court, Rawalpindi and others",Lahore High Court,2009,171,headnote_only,headnote_only,petition_dismissed,"Statutes in metadata missing from text: West Pakistan Family Courts Act 1964, Civil Procedure Code 1908",West Pakistan Family Courts Act 1964; Civil Procedure Code 1908
2002_CLC_1600,2002 CLC 1600,Muhammad Din v. Mst. Kaneez Fatima and others,Lahore High Court,2002,224,headnote_only,headnote_only,unknown,"Statutes in metadata missing from text: Civil Procedure Code 1908, West Pakistan Family Courts Act 1964",Civil Procedure Code 1908; West Pakistan Family Courts Act 1964
2021_CLC_123,2021 CLC 123,Muhammad Irfan v. Mst. Shazia Parveen and others,Lahore High Court,2021,213,headnote_only,headnote_only,petition_dismissed,"Statutes in metadata missing from text: West Pakistan Family Courts Act 1964, Civil Procedure Code 1908",West Pakistan Family Courts Act 1964; Civil Procedure Code 1908
2018_MLD_1148_EXEC,2018 MLD 1148,"Tariq Mehmood v. Additional District Judge, Rawalpindi and others",Lahore High Court,2018,154,headnote_only,headnote_only,unknown,"Statutes in metadata missing from text: West Pakistan Family Courts Act 1964, Civil Procedure Code 1908",West Pakistan Family Courts Act 1964; Civil Procedure Code 1908
2012_PLD_SC_268,PLD 2012 SC 268,Apollo Textile Mills Ltd. v. Soneri Bank Ltd.,Supreme Court of Pakistan,2012,386,full_judgment,headnote_only,unknown,Statutes in metadata missing from text: Financial Institutions (Recovery of Finances) Ordinance 2001,Financial Institutions (Recovery of Finances) Ordinance 2001
2015_SCMR_1060,2015 SCMR 1060,National Bank of Pakistan v. Tri-Star Shipping Industries Ltd.,Supreme Court of Pakistan,2015,318,full_judgment,headnote_only,unknown,Statutes in metadata missing from text: Financial Institutions (Recovery of Finances) Ordinance 2001,Financial Institutions (Recovery of Finances) Ordinance 2001
2021_SCMR_1214,2021 SCMR 1214,Shahtaj Sugar Mills Ltd. v. Bank Alfalah Ltd.,Supreme Court of Pakistan,2021,270,headnote_only,headnote_only,appeal_dismissed,Statutes in metadata missing from text: Financial Institutions (Recovery of Finances) Ordinance 2001,Financial Institutions (Recovery of Finances) Ordinance 2001
2019_CLD_1088,2019 CLD 1088,Chenab Ltd. v. Bank of Punjab,Lahore High Court,2019,321,full_judgment,headnote_only,appeal_dismissed,Statutes in metadata missing from text: Financial Institutions (Recovery of Finances) Ordinance 2001,Financial Institutions (Recovery of Finances) Ordinance 2001
1999_SCMR_1402,1999 SCMR 1402,The Collector of Customs v. Sheikh Spinning Mills,Supreme Court of Pakistan,1999,365,full_judgment,headnote_only,unknown,"Statutes in metadata missing from text: Constitution of Pakistan 1973, Customs Act 1969, Income Tax Ordinance 1979",Constitution of Pakistan 1973; Customs Act 1969; Income Tax Ordinance 1979
1992_PLD_SC_847,PLD 1992 SC 847,Commissioner of Income Tax v. Hamdard Dawakhana,Supreme Court of Pakistan,1992,318,full_judgment,headnote_only,unknown,"Statutes in metadata missing from text: Income Tax Ordinance 1979, Constitution of Pakistan 1973",Income Tax Ordinance 1979; Constitution of Pakistan 1973
2022_SCMR_1978,2022 SCMR 1978,Premier Systems (Pvt.) Ltd. v. Commissioner Inland Revenue,Supreme Court of Pakistan,2022,334,full_judgment,headnote_only,leave_refused,"Statutes in metadata missing from text: Income Tax Ordinance 2001, Constitution of Pakistan 1973",Income Tax Ordinance 2001; Constitution of Pakistan 1973
1996_PLD_Lah_672,PLD 1996 Lah 672,Messrs Chenab Cement Product v. Banking Tribunal,Lahore High Court,1996,306,full_judgment,headnote_only,appeal_dismissed,"Statutes in metadata missing from text: Constitution of Pakistan 1973, Banking Tribunals Ordinance 1984",Constitution of Pakistan 1973; Banking Tribunals Ordinance 1984
2002_PLD_SC_510,PLD 2002 SC 510,Haji Muhammad Ismail v. Crescent Investment Bank Ltd.,Supreme Court of Pakistan,2002,305,full_judgment,headnote_only,unknown,Statutes in metadata missing from text: Companies Ordinance 1984,Companies Ordinance 1984
2017_CLD_847,2017 CLD 847,Mansoor Ali v. Peshawar Particle Board Industries (Pvt.) Ltd.,Peshawar High Court,2017,306,full_judgment,headnote_only,unknown,Statutes in metadata missing from text: Companies Ordinance 1984,Companies Ordinance 1984
2001_CLD_1374,2001 CLD 1374,Shafiq Ahmad v. Elite Publishers (Pvt.) Ltd.,High Court of Sindh,2001,310,full_judgment,headnote_only,disposed_of,Statutes in metadata missing from text: Companies Ordinance 1984,Companies Ordinance 1984
2017_SCMR_1218,2017 SCMR 1218,Syed Mushahid Shah and others v. Federal Investigation Agency and others,Supreme Court of Pakistan,2017-01-01,1233,full_judgment,headnote_only,unknown,"Statutes in metadata missing from text: Constitution of Pakistan 1973 (Arts. 4, 25)","Constitution of Pakistan 1973 (Arts. 4, 25)"
1999_PLD_SC_1026,PLD 1999 SC 1026,Federation of Pakistan v. Shaukat Ali Mian,Supreme Court of Pakistan,1999-01-01,22179,full_judgment,mixed,unknown,Statutes in metadata missing from text: Interpretation of Statutes,Interpretation of Statutes
