act_code,act_name,provision_type,primary_num,secondary_num,canonical_id,display_name,title,status,superseded_reference,source_citation,source_verified_date
CNSA_1997,"Control of Narcotic Substances Act, 1997",section,"1997
",,"CNSA_1997_SEC_1997
","Section 1997
",CONTENTS,"{""federal"": ""in_force"", ""punjab"": ""in_force"", ""sindh"": ""in_force"", ""kp"": ""in_force"", ""balochistan"": ""in_force""}",,"Pakistan Code (pakistancode.gov.pk), Act No. XXV of 1997; https://pakistancode.gov.pk/pdffiles/administrator739c7aa745c5afab5decf2e100caf1c5.pdf",2026-09-23
CNSA_1997,"Control of Narcotic Substances Act, 1997",section,1,,CNSA_1997_SEC_1,Section 1,Short title and commencement.,"{""federal"": ""in_force"", ""punjab"": ""in_force"", ""sindh"": ""in_force"", ""kp"": ""in_force"", ""balochistan"": ""in_force""}",,"Pakistan Code (pakistancode.gov.pk), Act No. XXV of 1997; https://pakistancode.gov.pk/pdffiles/administrator739c7aa745c5afab5decf2e100caf1c5.pdf",2026-09-23
CNSA_1997,"Control of Narcotic Substances Act, 1997",section,2,,CNSA_1997_SEC_2,Section 2,Definitions.,"{""federal"": ""in_force"", ""punjab"": ""in_force"", ""sindh"": ""in_force"", ""kp"": ""in_force"", ""balochistan"": ""in_force""}",,"Pakistan Code (pakistancode.gov.pk), Act No. XXV of 1997; https://pakistancode.gov.pk/pdffiles/administrator739c7aa745c5afab5decf2e100caf1c5.pdf",2026-09-23
CNSA_1997,"Control of Narcotic Substances Act, 1997",section,3,,CNSA_1997_SEC_3,Section 3,Calculation of percentages in liquid preparations.,"{""federal"": ""in_force"", ""punjab"": ""in_force"", ""sindh"": ""in_force"", ""kp"": ""in_force"", ""balochistan"": ""in_force""}",,"Pakistan Code (pakistancode.gov.pk), Act No. XXV of 1997; https://pakistancode.gov.pk/pdffiles/administrator739c7aa745c5afab5decf2e100caf1c5.pdf",2026-09-23
CNSA_1997,"Control of Narcotic Substances Act, 1997",section,4,,CNSA_1997_SEC_4,Section 4,Prohibition of cultivation of narcotic plants.,"{""federal"": ""in_force"", ""punjab"": ""in_force"", ""sindh"": ""in_force"", ""kp"": ""in_force"", ""balochistan"": ""in_force""}",,"Pakistan Code (pakistancode.gov.pk), Act No. XXV of 1997; https://pakistancode.gov.pk/pdffiles/administrator739c7aa745c5afab5decf2e100caf1c5.pdf",2026-09-23
CNSA_1997,"Control of Narcotic Substances Act, 1997",section,5,,CNSA_1997_SEC_5,Section 5,Punishment for contravention of section 4.,"{""federal"": ""in_force"", ""punjab"": ""in_force"", ""sindh"": ""in_force"", ""kp"": ""in_force"", ""balochistan"": ""in_force""}",,"Pakistan Code (pakistancode.gov.pk), Act No. XXV of 1997; https://pakistancode.gov.pk/pdffiles/administrator739c7aa745c5afab5decf2e100caf1c5.pdf",2026-09-23
CNSA_1997,"Control of Narcotic Substances Act, 1997",section,6,,CNSA_1997_SEC_6,Section 6,"Prohibition of possession of narcotic drugs, etc.","{""federal"": ""in_force"", ""punjab"": ""in_force"", ""sindh"": ""in_force"", ""kp"": ""in_force"", ""balochistan"": ""in_force""}",,"Pakistan Code (pakistancode.gov.pk), Act No. XXV of 1997; https://pakistancode.gov.pk/pdffiles/administrator739c7aa745c5afab5decf2e100caf1c5.pdf",2026-09-23
CNSA_1997,"Control of Narcotic Substances Act, 1997",section,7,,CNSA_1997_SEC_7,Section 7,"Prohibition of import or export of narcotic drugs, etc.","{""federal"": ""in_force"", ""punjab"": ""in_force"", ""sindh"": ""in_force"", ""kp"": ""in_force"", ""balochistan"": ""in_force""}",,"Pakistan Code (pakistancode.gov.pk), Act No. XXV of 1997; https://pakistancode.gov.pk/pdffiles/administrator739c7aa745c5afab5decf2e100caf1c5.pdf",2026-09-23
CNSA_1997,"Control of Narcotic Substances Act, 1997",section,8,,CNSA_1997_SEC_8,Section 8,Prohibition on trafficking or financing the trafficking of narcotic drugs etc.,"{""federal"": ""in_force"", ""punjab"": ""in_force"", ""sindh"": ""in_force"", ""kp"": ""in_force"", ""balochistan"": ""in_force""}",,"Pakistan Code (pakistancode.gov.pk), Act No. XXV of 1997; https://pakistancode.gov.pk/pdffiles/administrator739c7aa745c5afab5decf2e100caf1c5.pdf",2026-09-23
CNSA_1997,"Control of Narcotic Substances Act, 1997",section,9,,CNSA_1997_SEC_9,Section 9,"Punishment for contravention of sections 6, 7 and 8.","{""federal"": ""in_force"", ""punjab"": ""in_force"", ""sindh"": ""in_force"", ""kp"": ""in_force"", ""balochistan"": ""in_force""}",,"Pakistan Code (pakistancode.gov.pk), Act No. XXV of 1997; https://pakistancode.gov.pk/pdffiles/administrator739c7aa745c5afab5decf2e100caf1c5.pdf",2026-09-23
CNSA_1997,"Control of Narcotic Substances Act, 1997",section,10,,CNSA_1997_SEC_10,Section 10,"Prohibition on owning, operating premises or machinery for manufacture of narcotic drugs,","{""federal"": ""in_force"", ""punjab"": ""in_force"", ""sindh"": ""in_force"", ""kp"": ""in_force"", ""balochistan"": ""in_force""}",,"Pakistan Code (pakistancode.gov.pk), Act No. XXV of 1997; https://pakistancode.gov.pk/pdffiles/administrator739c7aa745c5afab5decf2e100caf1c5.pdf",2026-09-23
CNSA_1997,"Control of Narcotic Substances Act, 1997",section,11,,CNSA_1997_SEC_11,Section 11,Punishment for contravention of section 10.,"{""federal"": ""in_force"", ""punjab"": ""in_force"", ""sindh"": ""in_force"", ""kp"": ""in_force"", ""balochistan"": ""in_force""}",,"Pakistan Code (pakistancode.gov.pk), Act No. XXV of 1997; https://pakistancode.gov.pk/pdffiles/administrator739c7aa745c5afab5decf2e100caf1c5.pdf",2026-09-23
CNSA_1997,"Control of Narcotic Substances Act, 1997",section,12,,CNSA_1997_SEC_12,Section 12,Prohibition of acquisition and possession of assets derived from narcotic offences.,"{""federal"": ""in_force"", ""punjab"": ""in_force"", ""sindh"": ""in_force"", ""kp"": ""in_force"", ""balochistan"": ""in_force""}",,"Pakistan Code (pakistancode.gov.pk), Act No. XXV of 1997; https://pakistancode.gov.pk/pdffiles/administrator739c7aa745c5afab5decf2e100caf1c5.pdf",2026-09-23
CNSA_1997,"Control of Narcotic Substances Act, 1997",section,13,,CNSA_1997_SEC_13,Section 13,Punishment for contravention of section 12.,"{""federal"": ""in_force"", ""punjab"": ""in_force"", ""sindh"": ""in_force"", ""kp"": ""in_force"", ""balochistan"": ""in_force""}",,"Pakistan Code (pakistancode.gov.pk), Act No. XXV of 1997; https://pakistancode.gov.pk/pdffiles/administrator739c7aa745c5afab5decf2e100caf1c5.pdf",2026-09-23
CNSA_1997,"Control of Narcotic Substances Act, 1997",section,14,,CNSA_1997_SEC_14,Section 14,"Prohibition on aiding, abetment or association in narcotic offences.","{""federal"": ""in_force"", ""punjab"": ""in_force"", ""sindh"": ""in_force"", ""kp"": ""in_force"", ""balochistan"": ""in_force""}",,"Pakistan Code (pakistancode.gov.pk), Act No. XXV of 1997; https://pakistancode.gov.pk/pdffiles/administrator739c7aa745c5afab5decf2e100caf1c5.pdf",2026-09-23
CNSA_1997,"Control of Narcotic Substances Act, 1997",section,15,,CNSA_1997_SEC_15,Section 15,Punishment for contravention of section 14.,"{""federal"": ""in_force"", ""punjab"": ""in_force"", ""sindh"": ""in_force"", ""kp"": ""in_force"", ""balochistan"": ""in_force""}",,"Pakistan Code (pakistancode.gov.pk), Act No. XXV of 1997; https://pakistancode.gov.pk/pdffiles/administrator739c7aa745c5afab5decf2e100caf1c5.pdf",2026-09-23
CNSA_1997,"Control of Narcotic Substances Act, 1997",section,16,,CNSA_1997_SEC_16,Section 16,Punishment for offence for which no punishment is provided.,"{""federal"": ""in_force"", ""punjab"": ""in_force"", ""sindh"": ""in_force"", ""kp"": ""in_force"", ""balochistan"": ""in_force""}",,"Pakistan Code (pakistancode.gov.pk), Act No. XXV of 1997; https://pakistancode.gov.pk/pdffiles/administrator739c7aa745c5afab5decf2e100caf1c5.pdf",2026-09-23
CNSA_1997,"Control of Narcotic Substances Act, 1997",section,17,,CNSA_1997_SEC_17,Section 17,Obstructions to officers.,"{""federal"": ""in_force"", ""punjab"": ""in_force"", ""sindh"": ""in_force"", ""kp"": ""in_force"", ""balochistan"": ""in_force""}",,"Pakistan Code (pakistancode.gov.pk), Act No. XXV of 1997; https://pakistancode.gov.pk/pdffiles/administrator739c7aa745c5afab5decf2e100caf1c5.pdf",2026-09-23
CNSA_1997,"Control of Narcotic Substances Act, 1997",section,18,,CNSA_1997_SEC_18,Section 18,"Limit of fine, etc.","{""federal"": ""in_force"", ""punjab"": ""in_force"", ""sindh"": ""in_force"", ""kp"": ""in_force"", ""balochistan"": ""in_force""}",,"Pakistan Code (pakistancode.gov.pk), Act No. XXV of 1997; https://pakistancode.gov.pk/pdffiles/administrator739c7aa745c5afab5decf2e100caf1c5.pdf",2026-09-23
CNSA_1997,"Control of Narcotic Substances Act, 1997",section,19,,CNSA_1997_SEC_19,Section 19,Forfeiture of assets of an offender.,"{""federal"": ""in_force"", ""punjab"": ""in_force"", ""sindh"": ""in_force"", ""kp"": ""in_force"", ""balochistan"": ""in_force""}",,"Pakistan Code (pakistancode.gov.pk), Act No. XXV of 1997; https://pakistancode.gov.pk/pdffiles/administrator739c7aa745c5afab5decf2e100caf1c5.pdf",2026-09-23
CNSA_1997,"Control of Narcotic Substances Act, 1997",section,20,,CNSA_1997_SEC_20,Section 20,Power to issue warrants.,"{""federal"": ""in_force"", ""punjab"": ""in_force"", ""sindh"": ""in_force"", ""kp"": ""in_force"", ""balochistan"": ""in_force""}",,"Pakistan Code (pakistancode.gov.pk), Act No. XXV of 1997; https://pakistancode.gov.pk/pdffiles/administrator739c7aa745c5afab5decf2e100caf1c5.pdf",2026-09-23
CNSA_1997,"Control of Narcotic Substances Act, 1997",section,21,,CNSA_1997_SEC_21,Section 21,"Power of entry, search, seizure and arrest without warrant.","{""federal"": ""in_force"", ""punjab"": ""in_force"", ""sindh"": ""in_force"", ""kp"": ""in_force"", ""balochistan"": ""in_force""}",,"Pakistan Code (pakistancode.gov.pk), Act No. XXV of 1997; https://pakistancode.gov.pk/pdffiles/administrator739c7aa745c5afab5decf2e100caf1c5.pdf",2026-09-23
CNSA_1997,"Control of Narcotic Substances Act, 1997",section,22,,CNSA_1997_SEC_22,Section 22,Power to seizure and arrest in public places.,"{""federal"": ""in_force"", ""punjab"": ""in_force"", ""sindh"": ""in_force"", ""kp"": ""in_force"", ""balochistan"": ""in_force""}",,"Pakistan Code (pakistancode.gov.pk), Act No. XXV of 1997; https://pakistancode.gov.pk/pdffiles/administrator739c7aa745c5afab5decf2e100caf1c5.pdf",2026-09-23
CNSA_1997,"Control of Narcotic Substances Act, 1997",section,23,,CNSA_1997_SEC_23,Section 23,Power to stop and search conveyance.,"{""federal"": ""in_force"", ""punjab"": ""in_force"", ""sindh"": ""in_force"", ""kp"": ""in_force"", ""balochistan"": ""in_force""}",,"Pakistan Code (pakistancode.gov.pk), Act No. XXV of 1997; https://pakistancode.gov.pk/pdffiles/administrator739c7aa745c5afab5decf2e100caf1c5.pdf",2026-09-23
CNSA_1997,"Control of Narcotic Substances Act, 1997",section,24,,CNSA_1997_SEC_24,Section 24,Undercover and controlled delivery operations.,"{""federal"": ""in_force"", ""punjab"": ""in_force"", ""sindh"": ""in_force"", ""kp"": ""in_force"", ""balochistan"": ""in_force""}",,"Pakistan Code (pakistancode.gov.pk), Act No. XXV of 1997; https://pakistancode.gov.pk/pdffiles/administrator739c7aa745c5afab5decf2e100caf1c5.pdf",2026-09-23
CNSA_1997,"Control of Narcotic Substances Act, 1997",section,25,,CNSA_1997_SEC_25,Section 25,Mode of making searches and arrest.,"{""federal"": ""in_force"", ""punjab"": ""in_force"", ""sindh"": ""in_force"", ""kp"": ""in_force"", ""balochistan"": ""in_force""}",,"Pakistan Code (pakistancode.gov.pk), Act No. XXV of 1997; https://pakistancode.gov.pk/pdffiles/administrator739c7aa745c5afab5decf2e100caf1c5.pdf",2026-09-23
CNSA_1997,"Control of Narcotic Substances Act, 1997",section,26,,CNSA_1997_SEC_26,Section 26,"Punishment for vexatious entry, search, seizure or arrest.","{""federal"": ""in_force"", ""punjab"": ""in_force"", ""sindh"": ""in_force"", ""kp"": ""in_force"", ""balochistan"": ""in_force""}",,"Pakistan Code (pakistancode.gov.pk), Act No. XXV of 1997; https://pakistancode.gov.pk/pdffiles/administrator739c7aa745c5afab5decf2e100caf1c5.pdf",2026-09-23
CNSA_1997,"Control of Narcotic Substances Act, 1997",section,27,,CNSA_1997_SEC_27,Section 27,Disposal of persons arrested and articles seized.,"{""federal"": ""in_force"", ""punjab"": ""in_force"", ""sindh"": ""in_force"", ""kp"": ""in_force"", ""balochistan"": ""in_force""}",,"Pakistan Code (pakistancode.gov.pk), Act No. XXV of 1997; https://pakistancode.gov.pk/pdffiles/administrator739c7aa745c5afab5decf2e100caf1c5.pdf",2026-09-23
CNSA_1997,"Control of Narcotic Substances Act, 1997",section,28,,CNSA_1997_SEC_28,Section 28,Powers to invest officers of law enforcement agencies with powers of an officer-in-charge,"{""federal"": ""in_force"", ""punjab"": ""in_force"", ""sindh"": ""in_force"", ""kp"": ""in_force"", ""balochistan"": ""in_force""}",,"Pakistan Code (pakistancode.gov.pk), Act No. XXV of 1997; https://pakistancode.gov.pk/pdffiles/administrator739c7aa745c5afab5decf2e100caf1c5.pdf",2026-09-23
CNSA_1997,"Control of Narcotic Substances Act, 1997",section,29,,CNSA_1997_SEC_29,Section 29,Presumption from possession of illicit articles.,"{""federal"": ""in_force"", ""punjab"": ""in_force"", ""sindh"": ""in_force"", ""kp"": ""in_force"", ""balochistan"": ""in_force""}",,"Pakistan Code (pakistancode.gov.pk), Act No. XXV of 1997; https://pakistancode.gov.pk/pdffiles/administrator739c7aa745c5afab5decf2e100caf1c5.pdf",2026-09-23
CNSA_1997,"Control of Narcotic Substances Act, 1997",section,30,,CNSA_1997_SEC_30,Section 30,Presumption as to documents in certain cases.,"{""federal"": ""in_force"", ""punjab"": ""in_force"", ""sindh"": ""in_force"", ""kp"": ""in_force"", ""balochistan"": ""in_force""}",,"Pakistan Code (pakistancode.gov.pk), Act No. XXV of 1997; https://pakistancode.gov.pk/pdffiles/administrator739c7aa745c5afab5decf2e100caf1c5.pdf",2026-09-23
CNSA_1997,"Control of Narcotic Substances Act, 1997",section,31,,CNSA_1997_SEC_31,Section 31,Power to call for information.,"{""federal"": ""in_force"", ""punjab"": ""in_force"", ""sindh"": ""in_force"", ""kp"": ""in_force"", ""balochistan"": ""in_force""}",,"Pakistan Code (pakistancode.gov.pk), Act No. XXV of 1997; https://pakistancode.gov.pk/pdffiles/administrator739c7aa745c5afab5decf2e100caf1c5.pdf",2026-09-23
CNSA_1997,"Control of Narcotic Substances Act, 1997",section,32,,CNSA_1997_SEC_32,Section 32,Articles connected with narcotics.,"{""federal"": ""in_force"", ""punjab"": ""in_force"", ""sindh"": ""in_force"", ""kp"": ""in_force"", ""balochistan"": ""in_force""}",,"Pakistan Code (pakistancode.gov.pk), Act No. XXV of 1997; https://pakistancode.gov.pk/pdffiles/administrator739c7aa745c5afab5decf2e100caf1c5.pdf",2026-09-23
CNSA_1997,"Control of Narcotic Substances Act, 1997",section,33,,CNSA_1997_SEC_33,Section 33,Procedure for making confiscation.,"{""federal"": ""in_force"", ""punjab"": ""in_force"", ""sindh"": ""in_force"", ""kp"": ""in_force"", ""balochistan"": ""in_force""}",,"Pakistan Code (pakistancode.gov.pk), Act No. XXV of 1997; https://pakistancode.gov.pk/pdffiles/administrator739c7aa745c5afab5decf2e100caf1c5.pdf",2026-09-23
CNSA_1997,"Control of Narcotic Substances Act, 1997",section,34,,CNSA_1997_SEC_34,Section 34,"Federal Narcotics Testing Laboratory, etc.","{""federal"": ""in_force"", ""punjab"": ""in_force"", ""sindh"": ""in_force"", ""kp"": ""in_force"", ""balochistan"": ""in_force""}",,"Pakistan Code (pakistancode.gov.pk), Act No. XXV of 1997; https://pakistancode.gov.pk/pdffiles/administrator739c7aa745c5afab5decf2e100caf1c5.pdf",2026-09-23
CNSA_1997,"Control of Narcotic Substances Act, 1997",section,35,,CNSA_1997_SEC_35,Section 35,Government Analyst.,"{""federal"": ""in_force"", ""punjab"": ""in_force"", ""sindh"": ""in_force"", ""kp"": ""in_force"", ""balochistan"": ""in_force""}",,"Pakistan Code (pakistancode.gov.pk), Act No. XXV of 1997; https://pakistancode.gov.pk/pdffiles/administrator739c7aa745c5afab5decf2e100caf1c5.pdf",2026-09-23
CNSA_1997,"Control of Narcotic Substances Act, 1997",section,36,,CNSA_1997_SEC_36,Section 36,Reports of Government Analysts.,"{""federal"": ""in_force"", ""punjab"": ""in_force"", ""sindh"": ""in_force"", ""kp"": ""in_force"", ""balochistan"": ""in_force""}",,"Pakistan Code (pakistancode.gov.pk), Act No. XXV of 1997; https://pakistancode.gov.pk/pdffiles/administrator739c7aa745c5afab5decf2e100caf1c5.pdf",2026-09-23
CNSA_1997,"Control of Narcotic Substances Act, 1997",section,37,,CNSA_1997_SEC_37,Section 37,"Freezing of assets, etc.","{""federal"": ""in_force"", ""punjab"": ""in_force"", ""sindh"": ""in_force"", ""kp"": ""in_force"", ""balochistan"": ""in_force""}",,"Pakistan Code (pakistancode.gov.pk), Act No. XXV of 1997; https://pakistancode.gov.pk/pdffiles/administrator739c7aa745c5afab5decf2e100caf1c5.pdf",2026-09-23
CNSA_1997,"Control of Narcotic Substances Act, 1997",section,38,,CNSA_1997_SEC_38,Section 38,Tracing of assets.,"{""federal"": ""in_force"", ""punjab"": ""in_force"", ""sindh"": ""in_force"", ""kp"": ""in_force"", ""balochistan"": ""in_force""}",,"Pakistan Code (pakistancode.gov.pk), Act No. XXV of 1997; https://pakistancode.gov.pk/pdffiles/administrator739c7aa745c5afab5decf2e100caf1c5.pdf",2026-09-23
CNSA_1997,"Control of Narcotic Substances Act, 1997",section,39,,CNSA_1997_SEC_39,Section 39,Order for forfeiture of assets.,"{""federal"": ""in_force"", ""punjab"": ""in_force"", ""sindh"": ""in_force"", ""kp"": ""in_force"", ""balochistan"": ""in_force""}",,"Pakistan Code (pakistancode.gov.pk), Act No. XXV of 1997; https://pakistancode.gov.pk/pdffiles/administrator739c7aa745c5afab5decf2e100caf1c5.pdf",2026-09-23
CNSA_1997,"Control of Narcotic Substances Act, 1997",section,40,,CNSA_1997_SEC_40,Section 40,Forfeiture of assets of person convicted abroad.,"{""federal"": ""in_force"", ""punjab"": ""in_force"", ""sindh"": ""in_force"", ""kp"": ""in_force"", ""balochistan"": ""in_force""}",,"Pakistan Code (pakistancode.gov.pk), Act No. XXV of 1997; https://pakistancode.gov.pk/pdffiles/administrator739c7aa745c5afab5decf2e100caf1c5.pdf",2026-09-23
CNSA_1997,"Control of Narcotic Substances Act, 1997",section,40A,,CNSA_1997_SEC_40A,Section 40A,Jurisdiction of special court.,"{""federal"": ""in_force"", ""punjab"": ""in_force"", ""sindh"": ""in_force"", ""kp"": ""in_force"", ""balochistan"": ""in_force""}",,"Pakistan Code (pakistancode.gov.pk), Act No. XXV of 1997; https://pakistancode.gov.pk/pdffiles/administrator739c7aa745c5afab5decf2e100caf1c5.pdf",2026-09-23
CNSA_1997,"Control of Narcotic Substances Act, 1997",section,41,,CNSA_1997_SEC_41,Section 41,Prohibition of alienation of freezed property.,"{""federal"": ""in_force"", ""punjab"": ""in_force"", ""sindh"": ""in_force"", ""kp"": ""in_force"", ""balochistan"": ""in_force""}",,"Pakistan Code (pakistancode.gov.pk), Act No. XXV of 1997; https://pakistancode.gov.pk/pdffiles/administrator739c7aa745c5afab5decf2e100caf1c5.pdf",2026-09-23
CNSA_1997,"Control of Narcotic Substances Act, 1997",section,42,,CNSA_1997_SEC_42,Section 42,Punishment for acquiring property in relation to which proceedings have been taken under,"{""federal"": ""in_force"", ""punjab"": ""in_force"", ""sindh"": ""in_force"", ""kp"": ""in_force"", ""balochistan"": ""in_force""}",,"Pakistan Code (pakistancode.gov.pk), Act No. XXV of 1997; https://pakistancode.gov.pk/pdffiles/administrator739c7aa745c5afab5decf2e100caf1c5.pdf",2026-09-23
CNSA_1997,"Control of Narcotic Substances Act, 1997",section,43,,CNSA_1997_SEC_43,Section 43,Power to take possession.,"{""federal"": ""in_force"", ""punjab"": ""in_force"", ""sindh"": ""in_force"", ""kp"": ""in_force"", ""balochistan"": ""in_force""}",,"Pakistan Code (pakistancode.gov.pk), Act No. XXV of 1997; https://pakistancode.gov.pk/pdffiles/administrator739c7aa745c5afab5decf2e100caf1c5.pdf",2026-09-23
CNSA_1997,"Control of Narcotic Substances Act, 1997",section,44,,CNSA_1997_SEC_44,Section 44,Management of assets frozen or forfeited under the Act.,"{""federal"": ""in_force"", ""punjab"": ""in_force"", ""sindh"": ""in_force"", ""kp"": ""in_force"", ""balochistan"": ""in_force""}",,"Pakistan Code (pakistancode.gov.pk), Act No. XXV of 1997; https://pakistancode.gov.pk/pdffiles/administrator739c7aa745c5afab5decf2e100caf1c5.pdf",2026-09-23
CNSA_1997,"Control of Narcotic Substances Act, 1997",section,45,,CNSA_1997_SEC_45,Section 45,Jurisdiction to try offences.,"{""federal"": ""in_force"", ""punjab"": ""in_force"", ""sindh"": ""in_force"", ""kp"": ""in_force"", ""balochistan"": ""in_force""}",,"Pakistan Code (pakistancode.gov.pk), Act No. XXV of 1997; https://pakistancode.gov.pk/pdffiles/administrator739c7aa745c5afab5decf2e100caf1c5.pdf",2026-09-23
CNSA_1997,"Control of Narcotic Substances Act, 1997",section,46,,CNSA_1997_SEC_46,Section 46,Establishment of Special Courts.,"{""federal"": ""in_force"", ""punjab"": ""in_force"", ""sindh"": ""in_force"", ""kp"": ""in_force"", ""balochistan"": ""in_force""}",,"Pakistan Code (pakistancode.gov.pk), Act No. XXV of 1997; https://pakistancode.gov.pk/pdffiles/administrator739c7aa745c5afab5decf2e100caf1c5.pdf",2026-09-23
CNSA_1997,"Control of Narcotic Substances Act, 1997",section,47,,CNSA_1997_SEC_47,Section 47,"Application of the Code of Criminal Procedure, 1898.","{""federal"": ""in_force"", ""punjab"": ""in_force"", ""sindh"": ""in_force"", ""kp"": ""in_force"", ""balochistan"": ""in_force""}",,"Pakistan Code (pakistancode.gov.pk), Act No. XXV of 1997; https://pakistancode.gov.pk/pdffiles/administrator739c7aa745c5afab5decf2e100caf1c5.pdf",2026-09-23
CNSA_1997,"Control of Narcotic Substances Act, 1997",section,48,,CNSA_1997_SEC_48,Section 48,Appeal.,"{""federal"": ""in_force"", ""punjab"": ""in_force"", ""sindh"": ""in_force"", ""kp"": ""in_force"", ""balochistan"": ""in_force""}",,"Pakistan Code (pakistancode.gov.pk), Act No. XXV of 1997; https://pakistancode.gov.pk/pdffiles/administrator739c7aa745c5afab5decf2e100caf1c5.pdf",2026-09-23
CNSA_1997,"Control of Narcotic Substances Act, 1997",section,49,,CNSA_1997_SEC_49,Section 49,Transfer of cases.,"{""federal"": ""in_force"", ""punjab"": ""in_force"", ""sindh"": ""in_force"", ""kp"": ""in_force"", ""balochistan"": ""in_force""}",,"Pakistan Code (pakistancode.gov.pk), Act No. XXV of 1997; https://pakistancode.gov.pk/pdffiles/administrator739c7aa745c5afab5decf2e100caf1c5.pdf",2026-09-23
CNSA_1997,"Control of Narcotic Substances Act, 1997",section,49A,,CNSA_1997_SEC_49A,Section 49A,Remand.,"{""federal"": ""in_force"", ""punjab"": ""in_force"", ""sindh"": ""in_force"", ""kp"": ""in_force"", ""balochistan"": ""in_force""}",,"Pakistan Code (pakistancode.gov.pk), Act No. XXV of 1997; https://pakistancode.gov.pk/pdffiles/administrator739c7aa745c5afab5decf2e100caf1c5.pdf",2026-09-23
CNSA_1997,"Control of Narcotic Substances Act, 1997",section,50,,CNSA_1997_SEC_50,Section 50,Special Prosecutor.,"{""federal"": ""in_force"", ""punjab"": ""in_force"", ""sindh"": ""in_force"", ""kp"": ""in_force"", ""balochistan"": ""in_force""}",,"Pakistan Code (pakistancode.gov.pk), Act No. XXV of 1997; https://pakistancode.gov.pk/pdffiles/administrator739c7aa745c5afab5decf2e100caf1c5.pdf",2026-09-23
CNSA_1997,"Control of Narcotic Substances Act, 1997",section,51,,CNSA_1997_SEC_51,Section 51,No bail to be granted in respect of certain offences.,"{""federal"": ""in_force"", ""punjab"": ""in_force"", ""sindh"": ""in_force"", ""kp"": ""in_force"", ""balochistan"": ""in_force""}",,"Pakistan Code (pakistancode.gov.pk), Act No. XXV of 1997; https://pakistancode.gov.pk/pdffiles/administrator739c7aa745c5afab5decf2e100caf1c5.pdf",2026-09-23
CNSA_1997,"Control of Narcotic Substances Act, 1997",section,52,,CNSA_1997_SEC_52,Section 52,Registration of addicts.,"{""federal"": ""in_force"", ""punjab"": ""in_force"", ""sindh"": ""in_force"", ""kp"": ""in_force"", ""balochistan"": ""in_force""}",,"Pakistan Code (pakistancode.gov.pk), Act No. XXV of 1997; https://pakistancode.gov.pk/pdffiles/administrator739c7aa745c5afab5decf2e100caf1c5.pdf",2026-09-23
CNSA_1997,"Control of Narcotic Substances Act, 1997",section,53,,CNSA_1997_SEC_53,Section 53,Powers of the Government to establish centers for treatment of addicts.,"{""federal"": ""in_force"", ""punjab"": ""in_force"", ""sindh"": ""in_force"", ""kp"": ""in_force"", ""balochistan"": ""in_force""}",,"Pakistan Code (pakistancode.gov.pk), Act No. XXV of 1997; https://pakistancode.gov.pk/pdffiles/administrator739c7aa745c5afab5decf2e100caf1c5.pdf",2026-09-23
CNSA_1997,"Control of Narcotic Substances Act, 1997",section,54,,CNSA_1997_SEC_54,Section 54,National fund for control of drug abuse.,"{""federal"": ""in_force"", ""punjab"": ""in_force"", ""sindh"": ""in_force"", ""kp"": ""in_force"", ""balochistan"": ""in_force""}",,"Pakistan Code (pakistancode.gov.pk), Act No. XXV of 1997; https://pakistancode.gov.pk/pdffiles/administrator739c7aa745c5afab5decf2e100caf1c5.pdf",2026-09-23
CNSA_1997,"Control of Narcotic Substances Act, 1997",section,55,,CNSA_1997_SEC_55,Section 55,Annual Report of the activities financed out of the Fund.,"{""federal"": ""in_force"", ""punjab"": ""in_force"", ""sindh"": ""in_force"", ""kp"": ""in_force"", ""balochistan"": ""in_force""}",,"Pakistan Code (pakistancode.gov.pk), Act No. XXV of 1997; https://pakistancode.gov.pk/pdffiles/administrator739c7aa745c5afab5decf2e100caf1c5.pdf",2026-09-23
CNSA_1997,"Control of Narcotic Substances Act, 1997",section,56,,CNSA_1997_SEC_56,Section 56,Authority to make and act on mutual legal assistance requests.,"{""federal"": ""in_force"", ""punjab"": ""in_force"", ""sindh"": ""in_force"", ""kp"": ""in_force"", ""balochistan"": ""in_force""}",,"Pakistan Code (pakistancode.gov.pk), Act No. XXV of 1997; https://pakistancode.gov.pk/pdffiles/administrator739c7aa745c5afab5decf2e100caf1c5.pdf",2026-09-23
CNSA_1997,"Control of Narcotic Substances Act, 1997",section,57,,CNSA_1997_SEC_57,Section 57,Mutual legal assistance requests by Pakistan.,"{""federal"": ""in_force"", ""punjab"": ""in_force"", ""sindh"": ""in_force"", ""kp"": ""in_force"", ""balochistan"": ""in_force""}",,"Pakistan Code (pakistancode.gov.pk), Act No. XXV of 1997; https://pakistancode.gov.pk/pdffiles/administrator739c7aa745c5afab5decf2e100caf1c5.pdf",2026-09-23
CNSA_1997,"Control of Narcotic Substances Act, 1997",section,58,,CNSA_1997_SEC_58,Section 58,Foreign requests for assistance.,"{""federal"": ""in_force"", ""punjab"": ""in_force"", ""sindh"": ""in_force"", ""kp"": ""in_force"", ""balochistan"": ""in_force""}",,"Pakistan Code (pakistancode.gov.pk), Act No. XXV of 1997; https://pakistancode.gov.pk/pdffiles/administrator739c7aa745c5afab5decf2e100caf1c5.pdf",2026-09-23
CNSA_1997,"Control of Narcotic Substances Act, 1997",section,59,,CNSA_1997_SEC_59,Section 59,Foreign requests for an evidence-gathering Order or a search warrant.,"{""federal"": ""in_force"", ""punjab"": ""in_force"", ""sindh"": ""in_force"", ""kp"": ""in_force"", ""balochistan"": ""in_force""}",,"Pakistan Code (pakistancode.gov.pk), Act No. XXV of 1997; https://pakistancode.gov.pk/pdffiles/administrator739c7aa745c5afab5decf2e100caf1c5.pdf",2026-09-23
CNSA_1997,"Control of Narcotic Substances Act, 1997",section,60,,CNSA_1997_SEC_60,Section 60,Foreign requests for assistance from detained persons.,"{""federal"": ""in_force"", ""punjab"": ""in_force"", ""sindh"": ""in_force"", ""kp"": ""in_force"", ""balochistan"": ""in_force""}",,"Pakistan Code (pakistancode.gov.pk), Act No. XXV of 1997; https://pakistancode.gov.pk/pdffiles/administrator739c7aa745c5afab5decf2e100caf1c5.pdf",2026-09-23
CNSA_1997,"Control of Narcotic Substances Act, 1997",section,61,,CNSA_1997_SEC_61,Section 61,Foreign persons in Pakistan in response to a Pakistan request.,"{""federal"": ""in_force"", ""punjab"": ""in_force"", ""sindh"": ""in_force"", ""kp"": ""in_force"", ""balochistan"": ""in_force""}",,"Pakistan Code (pakistancode.gov.pk), Act No. XXV of 1997; https://pakistancode.gov.pk/pdffiles/administrator739c7aa745c5afab5decf2e100caf1c5.pdf",2026-09-23
CNSA_1997,"Control of Narcotic Substances Act, 1997",section,62,,CNSA_1997_SEC_62,Section 62,Foreign requests for Pakistan restraining orders.,"{""federal"": ""in_force"", ""punjab"": ""in_force"", ""sindh"": ""in_force"", ""kp"": ""in_force"", ""balochistan"": ""in_force""}",,"Pakistan Code (pakistancode.gov.pk), Act No. XXV of 1997; https://pakistancode.gov.pk/pdffiles/administrator739c7aa745c5afab5decf2e100caf1c5.pdf",2026-09-23
CNSA_1997,"Control of Narcotic Substances Act, 1997",section,63,,CNSA_1997_SEC_63,Section 63,Requests for enforcement of foreign confiscation or restraining orders.,"{""federal"": ""in_force"", ""punjab"": ""in_force"", ""sindh"": ""in_force"", ""kp"": ""in_force"", ""balochistan"": ""in_force""}",,"Pakistan Code (pakistancode.gov.pk), Act No. XXV of 1997; https://pakistancode.gov.pk/pdffiles/administrator739c7aa745c5afab5decf2e100caf1c5.pdf",2026-09-23
CNSA_1997,"Control of Narcotic Substances Act, 1997",section,64,,CNSA_1997_SEC_64,Section 64,Requests to recover foreign fines.,"{""federal"": ""in_force"", ""punjab"": ""in_force"", ""sindh"": ""in_force"", ""kp"": ""in_force"", ""balochistan"": ""in_force""}",,"Pakistan Code (pakistancode.gov.pk), Act No. XXV of 1997; https://pakistancode.gov.pk/pdffiles/administrator739c7aa745c5afab5decf2e100caf1c5.pdf",2026-09-23
CNSA_1997,"Control of Narcotic Substances Act, 1997",section,65,,CNSA_1997_SEC_65,Section 65,Sharing forfeited property with foreign States.,"{""federal"": ""in_force"", ""punjab"": ""in_force"", ""sindh"": ""in_force"", ""kp"": ""in_force"", ""balochistan"": ""in_force""}",,"Pakistan Code (pakistancode.gov.pk), Act No. XXV of 1997; https://pakistancode.gov.pk/pdffiles/administrator739c7aa745c5afab5decf2e100caf1c5.pdf",2026-09-23
CNSA_1997,"Control of Narcotic Substances Act, 1997",section,66,,CNSA_1997_SEC_66,Section 66,Extradition.,"{""federal"": ""in_force"", ""punjab"": ""in_force"", ""sindh"": ""in_force"", ""kp"": ""in_force"", ""balochistan"": ""in_force""}",,"Pakistan Code (pakistancode.gov.pk), Act No. XXV of 1997; https://pakistancode.gov.pk/pdffiles/administrator739c7aa745c5afab5decf2e100caf1c5.pdf",2026-09-23
CNSA_1997,"Control of Narcotic Substances Act, 1997",section,67,,CNSA_1997_SEC_67,Section 67,Reporting of suspicious financial transactions.,"{""federal"": ""in_force"", ""punjab"": ""in_force"", ""sindh"": ""in_force"", ""kp"": ""in_force"", ""balochistan"": ""in_force""}",,"Pakistan Code (pakistancode.gov.pk), Act No. XXV of 1997; https://pakistancode.gov.pk/pdffiles/administrator739c7aa745c5afab5decf2e100caf1c5.pdf",2026-09-23
CNSA_1997,"Control of Narcotic Substances Act, 1997",section,68,,CNSA_1997_SEC_68,Section 68,Presumption to the assets acquired through dealing in narcotics.,"{""federal"": ""in_force"", ""punjab"": ""in_force"", ""sindh"": ""in_force"", ""kp"": ""in_force"", ""balochistan"": ""in_force""}",,"Pakistan Code (pakistancode.gov.pk), Act No. XXV of 1997; https://pakistancode.gov.pk/pdffiles/administrator739c7aa745c5afab5decf2e100caf1c5.pdf",2026-09-23
CNSA_1997,"Control of Narcotic Substances Act, 1997",section,69,,CNSA_1997_SEC_69,Section 69,"Departments to render assistance to the Special Courts, etc.","{""federal"": ""in_force"", ""punjab"": ""in_force"", ""sindh"": ""in_force"", ""kp"": ""in_force"", ""balochistan"": ""in_force""}",,"Pakistan Code (pakistancode.gov.pk), Act No. XXV of 1997; https://pakistancode.gov.pk/pdffiles/administrator739c7aa745c5afab5decf2e100caf1c5.pdf",2026-09-23
CNSA_1997,"Control of Narcotic Substances Act, 1997",section,70,,CNSA_1997_SEC_70,Section 70,Notice or order not to be invalid for error in description.,"{""federal"": ""in_force"", ""punjab"": ""in_force"", ""sindh"": ""in_force"", ""kp"": ""in_force"", ""balochistan"": ""in_force""}",,"Pakistan Code (pakistancode.gov.pk), Act No. XXV of 1997; https://pakistancode.gov.pk/pdffiles/administrator739c7aa745c5afab5decf2e100caf1c5.pdf",2026-09-23
CNSA_1997,"Control of Narcotic Substances Act, 1997",section,71,,CNSA_1997_SEC_71,Section 71,Delegation.,"{""federal"": ""in_force"", ""punjab"": ""in_force"", ""sindh"": ""in_force"", ""kp"": ""in_force"", ""balochistan"": ""in_force""}",,"Pakistan Code (pakistancode.gov.pk), Act No. XXV of 1997; https://pakistancode.gov.pk/pdffiles/administrator739c7aa745c5afab5decf2e100caf1c5.pdf",2026-09-23
CNSA_1997,"Control of Narcotic Substances Act, 1997",section,72,,CNSA_1997_SEC_72,Section 72,"Application of the Customs Act, 1969.","{""federal"": ""in_force"", ""punjab"": ""in_force"", ""sindh"": ""in_force"", ""kp"": ""in_force"", ""balochistan"": ""in_force""}",,"Pakistan Code (pakistancode.gov.pk), Act No. XXV of 1997; https://pakistancode.gov.pk/pdffiles/administrator739c7aa745c5afab5decf2e100caf1c5.pdf",2026-09-23
CNSA_1997,"Control of Narcotic Substances Act, 1997",section,73,,CNSA_1997_SEC_73,Section 73,Saving of Provincial and special laws.,"{""federal"": ""in_force"", ""punjab"": ""in_force"", ""sindh"": ""in_force"", ""kp"": ""in_force"", ""balochistan"": ""in_force""}",,"Pakistan Code (pakistancode.gov.pk), Act No. XXV of 1997; https://pakistancode.gov.pk/pdffiles/administrator739c7aa745c5afab5decf2e100caf1c5.pdf",2026-09-23
CNSA_1997,"Control of Narcotic Substances Act, 1997",section,74,,CNSA_1997_SEC_74,Section 74,Application of other laws.,"{""federal"": ""in_force"", ""punjab"": ""in_force"", ""sindh"": ""in_force"", ""kp"": ""in_force"", ""balochistan"": ""in_force""}",,"Pakistan Code (pakistancode.gov.pk), Act No. XXV of 1997; https://pakistancode.gov.pk/pdffiles/administrator739c7aa745c5afab5decf2e100caf1c5.pdf",2026-09-23
CNSA_1997,"Control of Narcotic Substances Act, 1997",section,74A,,CNSA_1997_SEC_74A,Section 74A,Power to amend Schedules.,"{""federal"": ""in_force"", ""punjab"": ""in_force"", ""sindh"": ""in_force"", ""kp"": ""in_force"", ""balochistan"": ""in_force""}",,"Pakistan Code (pakistancode.gov.pk), Act No. XXV of 1997; https://pakistancode.gov.pk/pdffiles/administrator739c7aa745c5afab5decf2e100caf1c5.pdf",2026-09-23
CNSA_1997,"Control of Narcotic Substances Act, 1997",section,75,,CNSA_1997_SEC_75,Section 75,Indemnity.,"{""federal"": ""in_force"", ""punjab"": ""in_force"", ""sindh"": ""in_force"", ""kp"": ""in_force"", ""balochistan"": ""in_force""}",,"Pakistan Code (pakistancode.gov.pk), Act No. XXV of 1997; https://pakistancode.gov.pk/pdffiles/administrator739c7aa745c5afab5decf2e100caf1c5.pdf",2026-09-23
CNSA_1997,"Control of Narcotic Substances Act, 1997",section,76,,CNSA_1997_SEC_76,Section 76,Act to override other laws.,"{""federal"": ""in_force"", ""punjab"": ""in_force"", ""sindh"": ""in_force"", ""kp"": ""in_force"", ""balochistan"": ""in_force""}",,"Pakistan Code (pakistancode.gov.pk), Act No. XXV of 1997; https://pakistancode.gov.pk/pdffiles/administrator739c7aa745c5afab5decf2e100caf1c5.pdf",2026-09-23
CNSA_1997,"Control of Narcotic Substances Act, 1997",section,77,,CNSA_1997_SEC_77,Section 77,Power to make rules.,"{""federal"": ""in_force"", ""punjab"": ""in_force"", ""sindh"": ""in_force"", ""kp"": ""in_force"", ""balochistan"": ""in_force""}",,"Pakistan Code (pakistancode.gov.pk), Act No. XXV of 1997; https://pakistancode.gov.pk/pdffiles/administrator739c7aa745c5afab5decf2e100caf1c5.pdf",2026-09-23
CNSA_1997,"Control of Narcotic Substances Act, 1997",section,78,,CNSA_1997_SEC_78,Section 78,Repeal and saving.,"{""federal"": ""in_force"", ""punjab"": ""in_force"", ""sindh"": ""in_force"", ""kp"": ""in_force"", ""balochistan"": ""in_force""}",,"Pakistan Code (pakistancode.gov.pk), Act No. XXV of 1997; https://pakistancode.gov.pk/pdffiles/administrator739c7aa745c5afab5decf2e100caf1c5.pdf",2026-09-23
CNSA_1997,"Control of Narcotic Substances Act, 1997",section,9,a,CNSA_1997_SEC_9_A,Section 9(a),Punishment for contravention in relation to narcotic drugs etc. where quantity is 100 grams or less (imprisonment up to two years and fine),"{""federal"": ""in_force"", ""punjab"": ""in_force"", ""sindh"": ""in_force"", ""kp"": ""in_force"", ""balochistan"": ""in_force""}",,"Pakistan Code (pakistancode.gov.pk), Act No. XXV of 1997; https://pakistancode.gov.pk/pdffiles/administrator739c7aa745c5afab5decf2e100caf1c5.pdf",2026-09-23
CNSA_1997,"Control of Narcotic Substances Act, 1997",section,9,b,CNSA_1997_SEC_9_B,Section 9(b),Punishment for contravention in relation to narcotic drugs etc. where quantity exceeds 100 grams but does not exceed one kilogram (imprisonment up to seven years and fine),"{""federal"": ""in_force"", ""punjab"": ""in_force"", ""sindh"": ""in_force"", ""kp"": ""in_force"", ""balochistan"": ""in_force""}",,"Pakistan Code (pakistancode.gov.pk), Act No. XXV of 1997; https://pakistancode.gov.pk/pdffiles/administrator739c7aa745c5afab5decf2e100caf1c5.pdf",2026-09-23
CNSA_1997,"Control of Narcotic Substances Act, 1997",section,9,c,CNSA_1997_SEC_9_C,Section 9(c),"Punishment for contravention in relation to narcotic drugs etc. where quantity exceeds one kilogram (death, imprisonment for life, or imprisonment not less than fourteen years and fine up to one million rupees)","{""federal"": ""in_force"", ""punjab"": ""in_force"", ""sindh"": ""in_force"", ""kp"": ""in_force"", ""balochistan"": ""in_force""}",,"Pakistan Code (pakistancode.gov.pk), Act No. XXV of 1997; https://pakistancode.gov.pk/pdffiles/administrator739c7aa745c5afab5decf2e100caf1c5.pdf",2026-09-23
